{
    "builder": {
      "gc": {
        "defaultKeepStorage": "20GB",
        "enabled": true
      }
    },
    "experimental": false,
    "features": {
      "buildkit": true
    }
  }

  Above is old
  

  Below is new

  {
    "builder": {
      "gc": {
        "defaultKeepStorage": "20GB",
        "enabled": true
      }
    },
    "experimental": false,
    "features": {
      "buildkit": true
    },
    "runtimes": {
      "nvidia": {
        "path": "nvidia-container-runtime",
        "runtimeArgs": []
      }
    },
    "default-runtime": "nvidia"
  }